iter	RMSE
0	0.2287712981
1	0.1972422479
